{
	"$schema": "https://schemas.wp.org/wp/6.7/theme.json",
	"version": 3,
	"settings": {
		"appearanceTools": true,
		"color": {
			"defaultDuotone": false,
			"defaultGradients": false,
			"defaultPalette": false,
			"palette": [
				{
					"color": "#FFFFFF",
					"name": "Base",
					"slug": "base"
				},
				{
					"color": "#0d121b",
					"name": "Contrast",
					"slug": "contrast"
				},
				{
					"color": "#359EFF",
					"name": "Primary",
					"slug": "primary"
				},
				{
					"color": "#2E4F64",
					"name": "Primary Dark",
					"slug": "primary-dark"
				},
				{
					"color": "#1a237e",
					"name": "Primary Dark Blue",
					"slug": "primary-dark-blue"
				},
				{
					"color": "#004d40",
					"name": "Primary Dark Green",
					"slug": "primary-dark-green"
				},
				{
					"color": "#BDE0FE",
					"name": "Secondary",
					"slug": "secondary"
				},
				{
					"color": "#f5f7f8",
					"name": "Background Light",
					"slug": "background-light"
				},
				{
					"color": "#0f1923",
					"name": "Background Dark",
					"slug": "background-dark"
				},
				{
					"color": "#4A4A4A",
					"name": "Text Light",
					"slug": "text-light"
				},
				{
					"color": "#E0E0E0",
					"name": "Text Dark",
					"slug": "text-dark"
				},
				{
					"color": "#FFD28E",
					"name": "Accent",
					"slug": "accent"
				},
				{
					"color": "#1d2c33",
					"name": "Accent Dark",
					"slug": "accent-dark"
				},
				{
					"color": "#332A1C",
					"name": "Accent Text",
					"slug": "accent-text"
				},
				{
					"color": "#006D77",
					"name": "Green-Blue",
					"slug": "green-blue"
				},
				{
					"color": "#1C2541",
					"name": "Footer Dark",
					"slug": "footer-dark"
				},
				{
					"color": "#FFC300",
					"name": "CTA Yellow",
					"slug": "cta-yellow"
				}
			]
		},
		"layout": {
			"contentSize": "900px",
			"wideSize": "1200px"
		},
		"spacing": {
			"defaultSpacingSizes": false,
			"spacingSizes": [
				{
					"name": "Tiny",
					"size": "10px",
					"slug": "20"
				},
				{
					"name": "X-Small",
					"size": "20px",
					"slug": "30"
				},
				{
					"name": "Small",
					"size": "30px",
					"slug": "40"
				},
				{
					"name": "Regular",
					"size": "clamp(30px, 5vw, 50px)",
					"slug": "50"
				},
				{
					"name": "Large",
					"size": "clamp(30px, 7vw, 70px)",
					"slug": "60"
				},
				{
					"name": "X-Large",
					"size": "clamp(50px, 7vw, 90px)",
					"slug": "70"
				},
				{
					"name": "XX-Large",
					"size": "clamp(70px, 10vw, 140px)",
					"slug": "80"
				}
			],
			"units": [
				"%",
				"px",
				"em",
				"rem",
				"vh",
				"vw"
			]
		},
		"typography": {
			"writingMode": true,
			"defaultFontSizes": false,
			"fluid": true,
			"fontSizes": [
				{
					"fluid": false,
					"name": "Small",
					"size": "0.875rem",
					"slug": "small"
				},
				{
					"fluid": {
						"max": "1.125rem",
						"min": "1rem"
					},
					"name": "Medium",
					"size": "1rem",
					"slug": "medium"
				},
				{
					"fluid": {
						"max": "1.375rem",
						"min": "1.125rem"
					},
					"name": "Large",
					"size": "1.38rem",
					"slug": "large"
				},
				{
					"fluid": {
						"max": "2rem",
						"min": "1.75rem"
					},
					"name": "Extra Large",
					"size": "1.75rem",
					"slug": "x-large"
				},
				{
					"fluid": {
						"max": "3rem",
						"min": "2.15rem"
					},
					"name": "Extra Extra Large",
					"size": "2.15rem",
					"slug": "xx-large"
				}
			],
			"fontFamilies": [
				{
					"name": "Lexend",
					"slug": "lexend",
					"fontFamily": "Lexend, -apple-system, BlinkMacSystemFont, 'Segoe UI', sans-serif",
					"fontFace": [
						{
							"src": [
								"file:./assets/fonts/lexend/Lexend-VariableFont_wght.woff2"
							],
							"fontWeight": "400 900",
							"fontStyle": "normal",
							"fontFamily": "Lexend"
						}
					]
				},
				{
					"name": "Fira Code",
					"slug": "fira-code",
					"fontFamily": "\"Fira Code\", monospace",
					"fontFace": [
						{
							"src": [
								"file:./assets/fonts/fira-code/FiraCode-VariableFont_wght.woff2"
							],
							"fontWeight": "300 700",
							"fontStyle": "normal",
							"fontFamily": "\"Fira Code\""
						}
					]
				}
			]
		},
		"useRootPaddingAwareAlignments": true
	},
	"styles": {
		"color": {
			"background": "var:preset|color|background-light",
			"text": "var:preset|color|contrast"
		},
		"spacing": {
			"blockGap": "1.2rem",
			"padding": {
				"left": "var:preset|spacing|50",
				"right": "var:preset|spacing|50"
			}
		},
		"typography": {
			"fontFamily": "var:preset|font-family|lexend",
			"fontSize": "var:preset|font-size|medium",
			"fontWeight": "400",
			"letterSpacing": "-0.1px",
			"lineHeight": "1.5"
		},
		"blocks": {
			"core/avatar": {
				"border": {
					"radius": "100px"
				}
			},
			"core/button": {
				"variations": {
					"cta-highlight": {
						"color": {
							"background": "var:preset|color|cta-yellow",
							"text": "var:preset|color|footer-dark"
						},
						"css": "& {box-shadow: 0 2px 4px rgba(0,0,0,0.1); font-weight: 700;} &:hover {box-shadow: 0 4px 8px rgba(0,0,0,0.15); transform: scale(1.05); transition: all 0.3s ease;}"
					},
					"outline": {
						"border": {
							"color": "currentColor",
							"width": "1px"
						},
						"css": ".wp-block-button__link:not(.has-background):hover {background-color:color-mix(in srgb, var(--wp--preset--color--contrast) 5%, transparent);}",
						"spacing": {
							"padding": {
								"bottom": "calc(1rem - 1px)",
								"left": "calc(2.25rem - 1px)",
								"right": "calc(2.25rem - 1px)",
								"top": "calc(1rem - 1px)"
							}
						}
					}
				}
			},
			"core/columns": {
				"spacing": {
					"blockGap": "var:preset|spacing|50"
				}
			},
			"core/buttons": {
				"spacing": {
					"blockGap": "16px"
				}
			},
			"core/code": {
				"typography": {
					"fontFamily": "var:preset|font-family|fira-code",
					"fontSize": "var:preset|font-size|medium",
					"fontWeight": "300"
				},
				"color": {
					"background": "var:preset|color|footer-dark",
					"text": "var:preset|color|contrast"
				},
				"spacing": {
					"padding": {
						"right": "var:preset|spacing|40",
						"bottom": "var:preset|spacing|40",
						"left": "var:preset|spacing|40",
						"top": "var:preset|spacing|40"
					}
				}
			},
			"core/comment-author-name": {
				"color": {
					"text": "var:preset|color|green-blue"
				},
				"elements": {
					"link": {
						"color": {
							"text": "var:preset|color|green-blue"
						},
						"typography": {
							"textDecoration": "none"
						},
						":hover": {
							"typography": {
								"textDecoration": "underline"
							}
						}
					}
				},
				"typography": {
					"fontSize": "var:preset|font-size|small"
				},
				"spacing": {
					"margin": {
						"top": "5px",
						"bottom": "0px"
					}
				}
			},
			"core/comment-content": {
				"typography": {
					"fontSize": "var:preset|font-size|medium"
				},
				"spacing": {
					"margin": {
						"top": "var:preset|spacing|30",
						"bottom": "var:preset|spacing|30"
					}
				}
			},
			"core/comment-date": {
				"typography": {
					"fontSize": "var:preset|font-size|small"
				},
				"color": {
					"text": "var:preset|color|contrast"
				},
				"elements": {
					"link": {
						"color": {
							"text": "var:preset|color|contrast"
						}
					}
				}
			},
			"core/comment-edit-link": {
				"elements": {
					"link": {
						"color": {
							"text": "var:preset|color|contrast"
						}
					}
				},
				"typography": {
					"fontSize": "var:preset|font-size|small"
				}
			},
			"core/comment-reply-link": {
				"elements": {
					"link": {
						"color": {
							"text": "var:preset|color|contrast"
						}
					}
				},
				"typography": {
					"fontSize": "var:preset|font-size|small"
				}
			},
			"core/post-comments-form": {
				"css": "& textarea, input:not([type=submit]){border-radius:.25rem; border-color: var(--wp--preset--color--primary-dark-blue);} & input[type=checkbox]{margin:0 .2rem 0 0;} & label {font-size: var(--wp--preset--font-size--small); }",
				"typography": {
					"fontSize": "var:preset|font-size|medium"
				},
				"spacing": {
					"padding": {
						"top": "var:preset|spacing|40",
						"bottom": "var:preset|spacing|40"
					}
				}
			},
			"core/comments-pagination": {
				"typography": {
					"fontSize": "var:preset|font-size|medium"
				},
				"spacing": {
					"margin": {
						"top": "var:preset|spacing|40",
						"bottom": "var:preset|spacing|40"
					}
				}
			},
			"core/comments-pagination-next": {
				"typography": {
					"fontSize": "var:preset|font-size|medium"
				}
			},
			"core/comments-pagination-numbers": {
				"typography": {
					"fontSize": "var:preset|font-size|medium"
				}
			},
			"core/comments-pagination-previous": {
				"typography": {
					"fontSize": "var:preset|font-size|medium"
				}
			},
			"core/post-date": {
				"color":{
					"text": "var:preset|color|green-blue"
				},
				"elements": {
					"link": {
						"color" : {
							"text": "var:preset|color|green-blue"
						},
						":hover": {
							"typography": {
								"textDecoration": "underline"
							}
						},
						"typography": {
							"textDecoration": "none"
						}
					}
				},
				"typography": {
					"fontSize": "var:preset|font-size|small"
				}
			},
			"core/post-navigation-link": {
				"typography": {
					"fontSize": "var:preset|font-size|medium"
				}
			},
			"core/post-terms": {
				"css": "& a { white-space: nowrap; }",
				"typography": {
					"fontSize": "var:preset|font-size|small",
					"fontWeight": "600"
				}
			},
			"core/post-title": {
				"elements": {
					"link": {
						":hover": {
							"typography": {
								"textDecoration": "underline"
							}
						},
						"typography": {
							"textDecoration": "none"
						}
					}
				}
			},
			"core/quote": {
				"border": {
					"style": "solid",
					"width": "0 0 0 2px",
					"color": "currentColor"
				},
				"spacing": {
					"blockGap": "var:preset|spacing|30",
					"margin": {
						"left": "0",
						"right": "0"
					},
					"padding": {
						"top": "var:preset|spacing|30",
						"right": "var:preset|spacing|40",
						"bottom": "var:preset|spacing|30",
						"left": "var:preset|spacing|40"
					}
				},
				"typography": {
					"fontSize": "var:preset|font-size|large",
					"fontWeight": "300"
				},
				"elements": {
					"cite": {
						"typography": {
							"fontSize": "var:preset|font-size|small",
							"fontStyle": "normal",
							"fontWeight": "300"
						},
						"css": "& sub { font-size: 0.65em }"
					}
				},
				"css": "&.has-text-align-right { border-width: 0 2px 0 0; } &.has-text-align-center { border-width: 0;border-inline: 0; padding-inline: 0; }",
				"variations": {
					"plain": {
						"border": {
							"color": "transparent",
							"style": "none",
							"width": "0",
							"radius": "0"
						},
						"spacing": {
							"padding": {
								"top": "0",
								"right": "0",
								"bottom": "0",
								"left": "0"
							}
						}
					}
				}
			},
			"core/pullquote": {
				"typography": {
					"fontSize": "var:preset|font-size|xx-large",
					"fontWeight": "300",
					"lineHeight": "1.2"
				},
				"elements": {
					"cite": {
						"typography": {
							"fontSize": "var:preset|font-size|small",
							"fontStyle": "normal"
						}
					}
				},
				"spacing": {
					"padding": {
						"bottom": "var:preset|spacing|30",
						"top": "var:preset|spacing|30"
					}
				},
				"css": "& p:last-of-type {margin-bottom: var(--wp--preset--spacing--30);}"
			},
			"core/query-pagination": {
				"typography": {
					"fontSize": "var:preset|font-size|medium",
					"fontWeight": "500"
				}
			},
			"core/search": {
				"css": "& .wp-block-search__input{border-radius:3.125rem;padding-left:1.5625rem;padding-right:1.5625rem;border-color:var(--wp--preset--color--primary-dark-blue);}",
				"typography": {
					"fontSize": "var:preset|font-size|medium",
					"lineHeight": "1.6"
				},
				"elements": {
					"button": {
						"border": {
							"radius": "3.125rem"
						},
						"spacing": {
							"margin": {
								"left": "1.125rem"
							}
						},
						":hover" : {
							"border": {
								"color": "transparent"
							}
						}
					}
				}
			},
			"core/separator": {
				"border": {
					"color": "currentColor",
					"style": "solid",
					"width": "0 0 1px 0"
				},
				"color": {
					"text": "var:preset|color|primary-dark-blue"
				},
				"variations": {
					"wide": {
						"css": " &:not(.alignfull){max-width: var(--wp--style--global--wide-size) !important;}"
					}
				}
			},
			"core/site-tagline": {
				"typography": {
					"fontSize": "var:preset|font-size|medium"
				}
			},
			"core/site-title": {
				"typography": {
					"fontWeight": "700",
					"letterSpacing": "-.5px"
				},
				"elements": {
					"link": {
						"typography": {
							"textDecoration": "none"
						},
						":hover": {
							"typography": {
								"textDecoration": "underline"
							}
						}
					}
				}
			},
			"core/term-description": {
				"typography": {
					"fontSize": "var:preset|font-size|medium"
				}
			},
			"core/navigation": {
				"typography": {
					"fontSize": "var:preset|font-size|medium"
				},
				"elements": {
					"link": {
						":hover": {
							"typography": {
								"textDecoration": "underline"
							}
						},
						"typography": {
							"textDecoration": "none"
						}
					}
				}
			},
			"core/list": {
				"css": "& li{margin-top: 0.5rem;}"
			},
			"core/social-links": {
				"spacing": {
					"blockGap": "var:preset|spacing|30"
				},
				"color": {
					"background": "transparent",
					"text": "var:preset|color|primary"
				}
			},
			"core/social-link": {
				"color": {
					"background": "transparent",
					"text": "var:preset|color|primary"
				},
				":hover": {
					"color": {
						"background": "color-mix(in srgb, var(--wp--preset--color--primary) 10%, transparent)",
						"text": "color-mix(in srgb, var(--wp--preset--color--primary) 80%, transparent)"
					}
				}
			},
			"core/post-template": {
				"css": "&.article-grid { grid-template-columns: repeat(auto-fit, minmax(280px, 1fr)); grid-auto-rows: 1fr; grid-gap: 1.5rem; } & .wp-block-post { background: var(--wp--preset--color--base); border-radius: 0.5rem; box-shadow: 0 1px 3px 0 rgba(0, 0, 0, 0.1); padding: var(--wp--preset--spacing--50); transition: all 0.2s ease; } & .wp-block-post:hover { transform: translateY(-2px); box-shadow: 0 4px 6px -1px rgba(0, 0, 0, 0.1), 0 2px 4px -1px rgba(0, 0, 0, 0.06); } & .article-card { transition: transform 0.3s cubic-bezier(0.4, 0, 0.2, 1), box-shadow 0.3s cubic-bezier(0.4, 0, 0.2, 1); overflow: hidden; } & .article-card:hover { transform: translateY(-4px); box-shadow: 0 10px 30px rgba(0, 0, 0, 0.12), 0 4px 8px rgba(0, 0, 0, 0.08); } & .article-card:hover .article-card-image img { transform: scale(1.05); transition: transform 0.3s cubic-bezier(0.4, 0, 0.2, 1); } & .article-card-image { overflow: hidden; } & .article-card-image img { transition: transform 0.3s cubic-bezier(0.4, 0, 0.2, 1); object-fit: cover; } & .article-card:focus-within { outline: 2px solid var(--wp--preset--color--primary); outline-offset: 2px; }"
			},
			"core/group": {
				"css": "& .filter-section-container .filter-toggle-label { display: none; } & .filter-section-container .article-filter-toggle:checked ~ .filter-content { max-height: 1000px; } & .filter-section-container .article-filter-toggle:checked ~ .filter-toggle-label .filter-arrow { transform: rotate(180deg); } & .filter-section-container .filter-content { max-height: 1000px; overflow: hidden; transition: max-height 0.4s cubic-bezier(0.4, 0, 0.2, 1); } @media (max-width: 767px) { & .filter-section-container .filter-toggle-label { display: flex; } & .filter-section-container .filter-content { max-height: 0; } & .filter-section-container .article-filter-toggle:checked ~ .filter-content { max-height: 1000px; padding-top: 1rem; } } & .filter-toggle-label .filter-arrow { display: inline-block; transition: transform 0.3s ease; }"
			}
		},
		"elements": {
			"button": {
				"border": {
					"radius": "9999px"
				},
				"color": {
					"background": "var:preset|color|primary",
					"text": "var:preset|color|base"
				},
				":focus": {
					"outline": {
						"color": "var:preset|color|primary",
						"offset": "2px",
						"width": "2px"
					}
				},
				":hover": {
					"color": {
						"background": "color-mix(in srgb, var(--wp--preset--color--primary) 90%, transparent)",
						"text": "var:preset|color|base"
					},
					"border": {
						"color": "transparent"
					},
					"css": "transform: scale(1.05); transition: all 0.3s ease;"
				},
				"spacing": {
					"padding": {
						"bottom": "1rem",
						"left": "2rem",
						"right": "2rem",
						"top": "1rem"
					}
				},
				"typography": {
					"fontSize": "var:preset|font-size|medium",
					"fontWeight": "700"
				}
			},
			"caption": {
				"typography": {
					"fontSize": "var:preset|font-size|small",
					"lineHeight": "1.4"
				}
			},
			"h1": {
				"typography": {
					"fontSize": "var:preset|font-size|xx-large",
					"fontWeight": "800",
					"letterSpacing": "-0.5px"
				}
			},
			"h2": {
				"typography": {
					"fontSize": "var:preset|font-size|x-large"
				}
			},
			"h3": {
				"typography": {
					"fontSize": "var:preset|font-size|large"
				}
			},
			"h4": {
				"typography": {
					"fontSize": "var:preset|font-size|medium"
				}
			},
			"h5": {
				"typography": {
					"fontSize": "var:preset|font-size|small",
					"letterSpacing": "0.5px"
				}
			},
			"h6": {
				"typography": {
					"fontSize": "var:preset|font-size|small",
					"fontWeight": "700",
					"letterSpacing": "1.4px",
					"textTransform": "uppercase"
				}
			},
			"heading": {
				"typography": {
					"fontWeight": "800",
					"lineHeight": "1.125",
					"letterSpacing": "-0.1px"
				}
			},
			"link": {
				"color": {
					"text": "currentColor"
				},
				":hover": {
					"typography": {
						"textDecoration": "none"
					}
				}
			}
		}
	},
	"templateParts": [
		{
			"area": "header",
			"name": "header",
			"title": "Header (Gradient)"
		},
		{
			"area": "footer",
			"name": "footer",
			"title": "Footer (Dark)"
		}
	],
	"customTemplates": [
		{
			"name": "page-home",
			"postTypes": ["page"],
			"title": "Home"
		},
		{
			"name": "page-gallery-article",
			"postTypes": ["page"],
			"title": "Page Article Gallery"
		},
		{
			"name": "page-gallery-image",
			"postTypes": ["page"],
			"title": "Page Gallery Image"
		},
		{
			"name": "page-gallery-publications",
			"postTypes": ["page"],
			"title": "Page Gallery Publications"
		},
		{
			"name": "page-gallery-video",
			"postTypes": ["page"],
			"title": "Page Gallery Video"
		},
		{
			"name": "page-about",
			"postTypes": ["page"],
			"title": "Page About"
		},
		{
			"name": "page-contact",
			"postTypes": ["page"],
			"title": "Page Contact"
		},
		{
			"name": "page-template",
			"postTypes": ["page"],
			"title": "Page Template"
		},
		{
			"name": "post-image-gallery",
			"postTypes": ["post"],
			"title": "Post Image Gallery"
		},
		{
			"name": "post-article",
			"postTypes": ["post"],
			"title": "Post Article"
		},
		{
			"name": "post-publication",
			"postTypes": ["post"],
			"title": "Post Publication"
		},
		{
			"name": "post-video-gallery",
			"postTypes": ["post"],
			"title": "Post Video"
		},
		{
			"name": "page-gallery-news",
			"postTypes": ["page"],
			"title": "Page Gallery News"
		}
	]
}
